{"classifier.0": {"Average": 0.48225128676470586, "Std": 0.45513675493684386}, "classifier.4": {"Average": 0.3628636086856618, "Std": 0.418782385449863}, "classifier.8": {"Average": 0.4439458823529412, "Std": 0.18272310332841163}}