{"module.classifier.0": {"Average": 0.0002315372242647059, "Std": 0.0004467826366589616}, "module.classifier.4": {"Average": 0.08228239889705882, "Std": 0.041603729712783255}, "module.classifier.8": {"Average": 0.3474945882352941, "Std": 0.07616455952156612}}